Order ID,Amount,Profit,Quantity,Category,Sub-Category
B-25601,1275,-1148,7,Furniture,Bookcases
B-25602,66,-12,5,Clothing,Stole
B-25603,8,-2,3,Clothing,Hankerchief
B-25604,80,-56,4,Electronics,Electronic Games
B-25605,168,-111,2,Electronics,Phones
B-25606,424,-272,5,Electronics,Phones
B-25607,2617,1151,4,Electronics,Phones
B-25608,561,212,3,Clothing,Saree
B-25609,119,-5,8,Clothing,Saree
B-25610,1355,-60,5,Clothing,Trousers
B-25611,24,-30,1,Furniture,Chairs
B-25612,193,-166,3,Clothing,Saree
B-25613,180,5,3,Clothing,Trousers
B-25614,116,16,4,Clothing,Stole
B-25615,107,36,6,Clothing,Stole
B-25616,12,1,2,Clothing,Hankerchief
B-25617,38,18,1,Clothing,Kurti
B-25618,65,17,2,Clothing,T-shirt
B-25619,157,5,9,Clothing,Saree
B-25620,75,0,7,Clothing,Saree
B-25621,87,4,2,Clothing,Shirt
B-25622,50,15,4,Clothing,Leggings
B-25623,1364,-1864,5,Furniture,Tables
B-25624,476,0,3,Furniture,Chairs
B-25625,257,23,5,Clothing,Hankerchief
B-25626,856,385,6,Electronics,Printers
B-25627,485,29,4,Electronics,Electronic Games
B-25628,25,-5,4,Clothing,Saree
B-25629,1076,-38,4,Electronics,Printers
B-25630,107,-54,4,Clothing,Stole
B-25631,68,-55,5,Electronics,Accessories
B-25632,781,-594,6,Electronics,Printers
B-25633,43,0,3,Clothing,Saree
B-25634,30,-5,2,Furniture,Furnishings
B-25635,160,-59,2,Clothing,Saree
B-25636,259,-55,2,Furniture,Chairs
B-25637,1603,0,9,Clothing,Saree
B-25638,494,54,4,Furniture,Bookcases
B-25639,98,-12,2,Electronics,Electronic Games
B-25640,68,20,5,Clothing,Hankerchief
B-25641,42,12,5,Clothing,Hankerchief
B-25642,116,-56,5,Clothing,Stole
B-25643,22,-2,3,Clothing,Hankerchief
B-25644,14,-2,3,Clothing,Hankerchief
B-25645,305,-270,5,Electronics,Electronic Games
B-25646,362,127,1,Furniture,Bookcases
B-25647,12,0,2,Clothing,Hankerchief
B-25648,353,90,8,Clothing,Saree
B-25649,193,46,1,Electronics,Printers
B-25650,233,-10,5,Electronics,Electronic Games
B-25651,228,63,3,Electronics,Electronic Games
B-25652,333,-15,3,Electronics,Phones
B-25653,534,0,3,Clothing,Saree
B-25654,53,1,4,Clothing,Stole
B-25655,158,69,3,Clothing,Stole
B-25656,149,-87,4,Clothing,Saree
B-25657,105,20,2,Clothing,Stole
B-25658,26,12,3,Clothing,Hankerchief
B-25659,97,29,2,Clothing,Hankerchief
B-25660,59,30,3,Clothing,Leggings
B-25661,635,-349,5,Clothing,Saree
B-25662,46,-14,1,Electronics,Phones
B-25663,1103,-276,3,Furniture,Chairs
B-25664,55,-39,4,Clothing,Stole
B-25665,45,13,4,Clothing,Skirt
B-25666,24,-9,4,Clothing,Saree
B-25667,35,-8,2,Furniture,Furnishings
B-25668,1560,421,3,Clothing,Trousers
B-25669,133,12,5,Clothing,Stole
B-25670,114,-39,5,Clothing,Kurti
B-25671,143,-129,2,Electronics,Phones
B-25672,40,-7,3,Clothing,Stole
B-25673,34,-22,4,Clothing,T-shirt
B-25674,42,-26,2,Clothing,Kurti
B-25675,89,-89,2,Furniture,Furnishings
B-25676,19,-2,2,Clothing,Leggings
B-25677,249,-130,4,Electronics,Phones
B-25678,711,-8,4,Clothing,Saree
B-25679,496,-79,2,Clothing,Trousers
B-25680,389,-83,3,Furniture,Chairs
B-25681,40,16,3,Clothing,Hankerchief
B-25682,23,2,2,Clothing,Skirt
B-25683,382,30,3,Clothing,Saree
B-25684,637,113,5,Clothing,Saree
B-25685,117,14,3,Clothing,Shirt
B-25686,182,-11,3,Furniture,Bookcases
B-25687,880,97,8,Furniture,Furnishings
B-25688,154,39,3,Clothing,Hankerchief
B-25689,816,-96,3,Electronics,Printers
B-25690,1629,-153,3,Electronics,Phones
B-25691,68,-62,2,Clothing,Trousers
B-25692,314,-239,13,Clothing,Hankerchief
B-25693,122,-47,4,Clothing,Saree
B-25694,22,-6,1,Furniture,Furnishings
B-25695,434,26,11,Clothing,Shirt
B-25696,1061,-36,8,Furniture,Bookcases
B-25697,50,-44,2,Clothing,Hankerchief
B-25698,37,-23,4,Clothing,Shirt
B-25699,263,-63,2,Electronics,Electronic Games
B-25700,36,-7,1,Electronics,Electronic Games
B-25701,76,-92,8,Furniture,Furnishings
B-25702,273,-87,4,Electronics,Phones
B-25703,86,0,4,Clothing,T-shirt
B-25704,133,-42,1,Electronics,Printers
B-25705,183,-66,5,Electronics,Phones
B-25706,20,-8,2,Clothing,Saree
B-25707,42,-6,4,Clothing,Saree
B-25708,100,-23,1,Electronics,Phones
B-25709,30,13,1,Clothing,T-shirt
B-25710,55,-26,4,Clothing,Saree
B-25711,130,-41,4,Clothing,Saree
B-25712,27,-25,2,Clothing,Stole
B-25713,245,-78,2,Electronics,Printers
B-25714,211,-105,2,Clothing,Saree
B-25715,31,-2,2,Clothing,Saree
B-25716,28,-26,2,Clothing,Stole
B-25717,512,-225,5,Clothing,Saree
B-25718,925,-447,5,Electronics,Electronic Games
B-25719,238,20,2,Clothing,Saree
B-25720,351,-47,8,Electronics,Phones
B-25721,269,111,3,Clothing,Trousers
B-25722,200,-60,4,Furniture,Bookcases
B-25723,44,-8,3,Clothing,Stole
B-25724,7,0,1,Clothing,Leggings
B-25725,11,-4,2,Clothing,Skirt
B-25726,16,-10,2,Clothing,T-shirt
B-25727,172,-103,3,Furniture,Chairs
B-25728,49,3,1,Clothing,Shirt
B-25729,823,-18,7,Furniture,Chairs
B-25730,23,4,1,Clothing,Saree
B-25731,457,-41,4,Clothing,Saree
B-25732,24,-21,7,Clothing,Skirt
B-25733,25,-2,5,Clothing,Hankerchief
B-25734,174,-70,3,Electronics,Accessories
B-25735,206,-206,3,Clothing,Saree
B-25736,21,-13,3,Clothing,Leggings
B-25737,34,-6,4,Clothing,Leggings
B-25738,9,-6,2,Clothing,Hankerchief
B-25739,1279,-640,8,Electronics,Printers
B-25740,28,-3,2,Clothing,Saree
B-25741,427,-50,7,Electronics,Phones
B-25742,168,-10,3,Electronics,Accessories
B-25743,1327,318,8,Furniture,Chairs
B-25744,195,-117,5,Electronics,Phones
B-25745,115,25,1,Electronics,Accessories
B-25746,668,-31,3,Electronics,Printers
B-25747,227,102,8,Electronics,Accessories
B-25748,34,12,3,Clothing,Hankerchief
B-25749,229,-23,2,Clothing,Saree
B-25750,54,-3,3,Clothing,Saree
B-25751,269,-86,2,Electronics,Electronic Games
B-25752,122,-21,3,Furniture,Furnishings
B-25753,105,46,2,Clothing,Stole
B-25754,450,-90,3,Electronics,Printers
B-25755,121,-17,3,Furniture,Furnishings
B-25756,44,-26,3,Clothing,Hankerchief
B-25757,7,-4,3,Clothing,Hankerchief
B-25758,396,-31,9,Clothing,Saree
B-25759,97,-62,2,Clothing,Trousers
B-25760,110,-68,4,Clothing,Saree
B-25761,312,-312,7,Furniture,Chairs
B-25762,9,-6,2,Clothing,Skirt
B-25763,6,-3,1,Clothing,Hankerchief
B-25764,74,23,8,Clothing,Skirt
B-25765,534,0,3,Clothing,Saree
B-25766,30,-5,5,Clothing,Stole
B-25767,61,-23,2,Clothing,Saree
B-25768,6,3,1,Clothing,Hankerchief
B-25769,24,-1,2,Clothing,Hankerchief
B-25770,56,18,2,Clothing,Hankerchief
B-25771,406,126,2,Clothing,Saree
B-25772,624,37,2,Electronics,Electronic Games
B-25773,101,18,9,Clothing,Skirt
B-25774,1389,680,7,Clothing,Saree
B-25775,651,169,5,Electronics,Printers
B-25776,13,-1,3,Clothing,Hankerchief
B-25777,1021,-48,4,Electronics,Electronic Games
B-25778,32,-22,5,Clothing,Saree
B-25779,332,-43,6,Electronics,Phones
B-25780,288,-180,4,Furniture,Chairs
B-25781,27,9,2,Clothing,T-shirt
B-25782,148,72,7,Clothing,T-shirt
B-25783,245,-78,3,Clothing,Saree
B-25784,19,-15,3,Clothing,Hankerchief
B-25785,224,-81,3,Furniture,Chairs
B-25786,58,-42,2,Furniture,Chairs
B-25787,145,-104,5,Furniture,Chairs
B-25788,55,-33,2,Furniture,Chairs
B-25789,7,-1,2,Clothing,Hankerchief
B-25790,24,-2,2,Clothing,T-shirt
B-25791,86,-21,1,Electronics,Electronic Games
B-25792,385,-77,11,Furniture,Furnishings
B-25793,294,138,2,Electronics,Printers
B-25794,444,-200,4,Electronics,Phones
B-25795,785,52,2,Electronics,Phones
B-25796,258,-27,2,Electronics,Phones
B-25797,83,-48,1,Furniture,Bookcases
B-25798,166,-113,4,Electronics,Accessories
B-25799,934,-916,7,Electronics,Electronic Games
B-25800,11,-2,4,Clothing,Hankerchief
B-25801,41,6,5,Clothing,Skirt
B-25802,344,-34,3,Clothing,Saree
B-25803,1030,206,8,Electronics,Printers
B-25804,516,69,4,Furniture,Bookcases
B-25805,123,17,3,Furniture,Furnishings
B-25806,610,-66,2,Furniture,Tables
B-25807,74,29,3,Clothing,Stole
B-25808,24,1,2,Clothing,Hankerchief
B-25809,14,2,1,Clothing,Hankerchief
B-25810,656,-36,2,Furniture,Bookcases
B-25811,832,0,3,Clothing,Trousers
B-25812,27,-15,1,Clothing,Stole
B-25813,143,-124,5,Clothing,Saree
B-25814,44,-17,5,Clothing,Saree
B-25815,45,-2,4,Clothing,Shirt
B-25816,16,-1,1,Clothing,Saree
B-25817,37,-5,3,Clothing,T-shirt
B-25818,17,-12,5,Clothing,Skirt
B-25819,929,-93,9,Clothing,Saree
B-25820,342,-103,4,Electronics,Electronic Games
B-25821,1263,-56,5,Clothing,Trousers
B-25822,674,-187,2,Furniture,Tables
B-25823,32,6,3,Clothing,Shirt
B-25824,79,36,4,Clothing,Shirt
B-25825,20,-2,1,Electronics,Accessories
B-25826,64,-7,3,Clothing,Saree
B-25827,7,-3,2,Clothing,Skirt
B-25828,327,-39,1,Electronics,Phones
B-25829,27,-25,2,Clothing,Shirt
B-25830,76,-50,1,Clothing,Saree
B-25831,73,-25,3,Clothing,Saree
B-25832,68,-27,3,Electronics,Accessories
B-25833,523,204,7,Clothing,Trousers
B-25834,44,-3,1,Clothing,Saree
B-25835,243,-14,2,Furniture,Chairs
B-25836,1625,-77,3,Electronics,Phones
B-25837,1096,-658,7,Electronics,Electronic Games
B-25838,545,-73,11,Electronics,Phones
B-25839,433,26,3,Electronics,Printers
B-25840,245,-3,4,Electronics,Phones
B-25841,155,56,3,Furniture,Furnishings
B-25842,148,52,5,Clothing,Stole
B-25843,86,-55,6,Clothing,Saree
B-25844,134,42,2,Furniture,Chairs
B-25845,51,7,2,Furniture,Furnishings
B-25846,529,137,3,Electronics,Phones
B-25847,264,-30,3,Furniture,Furnishings
B-25848,45,-2,4,Clothing,Shirt
B-25849,381,-13,2,Clothing,Saree
B-25850,332,-503,3,Electronics,Printers
B-25851,1829,-56,6,Furniture,Tables
B-25852,17,6,1,Clothing,Stole
B-25853,357,139,2,Clothing,Saree
B-25854,51,21,3,Clothing,T-shirt
B-25855,387,-213,5,Clothing,Saree
B-25856,14,-1,4,Clothing,Kurti
B-25857,352,-345,5,Clothing,Saree
B-25858,469,-459,3,Electronics,Electronic Games
B-25859,97,17,2,Clothing,Stole
B-25860,149,36,3,Clothing,Stole
B-25861,31,10,3,Clothing,Skirt
B-25862,714,56,4,Clothing,Saree
B-25863,75,-25,3,Clothing,Stole
B-25864,17,-9,3,Clothing,Stole
B-25865,141,28,7,Furniture,Furnishings
B-25866,76,-72,9,Clothing,Hankerchief
B-25867,632,-316,6,Clothing,Saree
B-25868,32,-16,6,Clothing,Saree
B-25869,68,-30,1,Electronics,Phones
B-25870,82,-39,5,Clothing,T-shirt
B-25871,72,-49,1,Electronics,Phones
B-25872,13,-13,2,Clothing,Skirt
B-25873,167,43,7,Clothing,T-shirt
B-25874,171,14,9,Clothing,Shirt
B-25875,117,-6,3,Electronics,Phones
B-25876,116,-4,1,Clothing,Saree
B-25877,887,80,3,Electronics,Printers
B-25878,275,-275,4,Clothing,Saree
B-25879,44,7,3,Clothing,Kurti
B-25880,168,-9,3,Clothing,Saree
B-25881,114,8,3,Electronics,Accessories
B-25882,1300,-16,8,Electronics,Printers
B-25883,4,-3,1,Clothing,Skirt
B-25884,73,-7,1,Electronics,Phones
B-25885,67,-42,3,Clothing,Stole
B-25886,322,-193,5,Electronics,Printers
B-25887,115,-39,3,Clothing,Trousers
B-25888,87,-83,5,Clothing,Kurti
B-25889,27,-6,4,Clothing,Hankerchief
B-25890,207,-153,3,Clothing,Saree
B-25891,516,-392,8,Furniture,Chairs
B-25892,7,-2,1,Clothing,Hankerchief
B-25893,65,-16,2,Electronics,Phones
B-25894,20,-22,1,Furniture,Furnishings
B-25895,49,-31,2,Clothing,Stole
B-25896,34,-13,5,Clothing,Leggings
B-25897,21,-5,1,Electronics,Accessories
B-25898,129,-75,5,Clothing,Shirt
B-25899,44,-32,3,Clothing,Stole
B-25900,7,-3,2,Clothing,Hankerchief
B-25901,10,-8,2,Clothing,Skirt
B-25902,33,-29,3,Clothing,Shirt
B-25903,98,-45,2,Furniture,Chairs
B-25904,33,-12,5,Clothing,Hankerchief
B-25905,75,0,3,Clothing,Shirt
B-25906,424,-17,9,Furniture,Chairs
B-25907,31,-3,4,Clothing,Saree
B-25908,941,-203,3,Furniture,Tables
B-25909,306,-147,3,Clothing,Saree
B-25910,42,-23,2,Furniture,Furnishings
B-25911,17,-3,2,Clothing,Stole
B-25912,32,-5,5,Clothing,Hankerchief
B-25913,231,-190,9,Clothing,Hankerchief
B-25914,22,-15,4,Clothing,Kurti
B-25915,97,-45,4,Clothing,Saree
B-25916,47,-27,4,Clothing,Saree
B-25917,186,-141,9,Clothing,Shirt
B-25918,126,-63,3,Electronics,Accessories
B-25919,102,0,3,Electronics,Phones
B-25920,46,0,2,Electronics,Electronic Games
B-25921,31,-11,4,Clothing,Stole
B-25922,8,-6,1,Clothing,Stole
B-25923,191,13,8,Furniture,Furnishings
B-25924,709,-100,5,Electronics,Phones
B-25925,81,-51,7,Clothing,Stole
B-25926,32,-8,2,Clothing,Stole
B-25927,33,-12,7,Clothing,Saree
B-25928,41,-6,1,Furniture,Chairs
B-25929,216,-38,6,Furniture,Furnishings
B-25930,616,-69,7,Furniture,Furnishings
B-25931,10,-1,1,Clothing,Leggings
B-25932,25,0,4,Clothing,Skirt
B-25933,53,-18,4,Clothing,T-shirt
B-25934,13,-8,1,Clothing,T-shirt
B-25935,100,-58,4,Clothing,Hankerchief
B-25936,193,-275,3,Electronics,Phones
B-25937,158,-63,4,Furniture,Chairs
B-25938,11,-5,2,Clothing,Hankerchief
B-25939,340,20,7,Clothing,Shirt
B-25940,416,137,3,Electronics,Phones
B-25941,58,0,4,Clothing,Saree
B-25942,561,212,3,Clothing,Saree
B-25943,138,-3,5,Clothing,Saree
B-25944,90,17,3,Clothing,Shirt
B-25945,55,-33,2,Furniture,Chairs
B-25946,371,115,1,Furniture,Bookcases
B-25947,460,31,3,Furniture,Bookcases
B-25948,29,10,2,Clothing,Stole
B-25949,30,-35,1,Furniture,Chairs
B-25950,29,-18,7,Clothing,Skirt
B-25951,191,51,5,Clothing,Shirt
B-25952,149,-40,2,Electronics,Phones
B-25953,48,-8,8,Clothing,Stole
B-25954,26,-24,1,Clothing,Stole
B-25955,16,-12,2,Clothing,Stole
B-25956,12,-7,2,Clothing,Leggings
B-25957,76,-54,3,Electronics,Electronic Games
B-25958,168,-51,2,Furniture,Bookcases
B-25959,23,-5,7,Clothing,Hankerchief
B-25960,26,-5,2,Clothing,Stole
B-25961,144,-7,4,Electronics,Electronic Games
B-25962,490,-128,8,Furniture,Bookcases
B-25963,57,-48,6,Clothing,Leggings
B-25964,327,114,4,Clothing,Trousers
B-25965,1055,264,4,Electronics,Printers
B-25966,771,-424,2,Electronics,Phones
B-25967,322,-113,4,Clothing,Saree
B-25968,1549,-439,4,Electronics,Phones
B-25969,1145,-706,3,Electronics,Phones
B-25970,473,42,4,Furniture,Chairs
B-25971,96,22,5,Clothing,Stole
B-25972,18,8,2,Clothing,Hankerchief
B-25973,187,30,4,Electronics,Accessories
B-25974,83,-81,3,Furniture,Chairs
B-25975,131,-154,8,Furniture,Furnishings
B-25976,16,-5,2,Clothing,Stole
B-25977,43,-43,7,Clothing,Stole
B-25978,30,-10,2,Clothing,Stole
B-25979,23,-6,4,Clothing,Hankerchief
B-25980,108,-19,3,Electronics,Electronic Games
B-25981,12,-2,3,Clothing,Hankerchief
B-25982,7,-1,2,Clothing,Skirt
B-25983,15,-7,1,Clothing,Hankerchief
B-25984,31,-7,5,Clothing,Skirt
B-25985,187,-15,3,Clothing,Trousers
B-25986,70,-14,2,Furniture,Furnishings
B-25987,72,-6,3,Clothing,Saree
B-25988,1069,0,6,Clothing,Saree
B-25989,148,-91,2,Electronics,Phones
B-25990,133,-56,2,Furniture,Chairs
B-25991,40,-37,3,Clothing,Stole
B-25992,7,0,2,Clothing,Skirt
B-25993,58,-8,2,Clothing,Saree
B-25994,482,-6,7,Electronics,Electronic Games
B-25995,11,-8,2,Clothing,Skirt
B-25996,143,-124,5,Clothing,Saree
B-25997,9,-5,1,Clothing,Saree
B-25998,503,-56,2,Clothing,Trousers
B-25999,74,-51,3,Clothing,Stole
B-26000,56,0,4,Clothing,Hankerchief
B-26001,373,-254,6,Electronics,Printers
B-26002,44,-8,3,Clothing,Stole
B-26003,296,-225,11,Clothing,Saree
B-26004,670,15,5,Furniture,Bookcases
B-26005,132,-79,5,Furniture,Furnishings
B-26006,87,16,2,Clothing,Saree
B-26007,877,395,2,Furniture,Bookcases
B-26008,141,10,4,Clothing,Shirt
B-26009,224,58,3,Electronics,Phones
B-26010,8,-1,2,Clothing,Leggings
B-26011,47,-21,2,Electronics,Electronic Games
B-26012,1052,-82,3,Furniture,Bookcases
B-26013,212,-24,2,Furniture,Chairs
B-26014,42,-15,12,Clothing,Skirt
B-26015,208,-25,2,Clothing,Saree
B-26016,22,-12,3,Clothing,Stole
B-26017,539,-146,7,Furniture,Furnishings
B-26018,78,-6,2,Furniture,Furnishings
B-26019,20,-18,2,Clothing,Saree
B-26020,19,-1,1,Clothing,Shirt
B-26021,73,-31,1,Furniture,Bookcases
B-26022,10,-8,1,Clothing,Kurti
B-26023,14,-3,2,Clothing,Leggings
B-26024,68,-56,2,Electronics,Phones
B-26025,106,0,2,Electronics,Phones
B-26026,43,-5,2,Clothing,Saree
B-26027,43,21,3,Clothing,Shirt
B-26028,534,5,2,Electronics,Electronic Games
B-26029,32,7,3,Clothing,Hankerchief
B-26030,65,-4,6,Clothing,Hankerchief
B-26031,221,-15,2,Electronics,Electronic Games
B-26032,1361,197,9,Furniture,Bookcases
B-26033,761,266,9,Electronics,Electronic Games
B-26034,76,27,5,Clothing,Stole
B-26035,91,15,6,Clothing,T-shirt
B-26036,8,-2,2,Clothing,Hankerchief
B-26037,735,-235,6,Electronics,Printers
B-26038,33,-27,1,Furniture,Chairs
B-26039,62,-56,5,Clothing,Kurti
B-26040,27,-20,2,Clothing,Hankerchief
B-26041,65,-52,3,Electronics,Accessories
B-26042,47,-114,5,Furniture,Furnishings
B-26043,341,-85,6,Clothing,Trousers
B-26044,107,31,5,Clothing,T-shirt
B-26045,154,22,7,Clothing,T-shirt
B-26046,620,82,6,Electronics,Accessories
B-26047,77,-43,8,Clothing,Stole
B-26048,72,-46,7,Clothing,Kurti
B-26049,41,-14,5,Clothing,Leggings
B-26050,30,-23,2,Clothing,Saree
B-26051,93,-65,4,Clothing,Stole
B-26052,19,0,3,Clothing,Skirt
B-26053,9,-1,3,Clothing,Skirt
B-26054,319,-312,5,Clothing,Saree
B-26055,262,-215,2,Electronics,Printers
B-26056,37,-53,3,Clothing,Saree
B-26057,257,-3,2,Furniture,Bookcases
B-26058,80,-19,5,Clothing,Stole
B-26059,321,-315,5,Clothing,Saree
B-26060,47,-3,2,Clothing,Stole
B-26061,593,213,4,Furniture,Bookcases
B-26062,134,-34,2,Furniture,Chairs
B-26063,1709,564,3,Clothing,Trousers
B-26064,27,4,2,Clothing,Saree
B-26065,465,-33,4,Electronics,Phones
B-26066,643,-45,2,Electronics,Printers
B-26067,204,-276,3,Furniture,Bookcases
B-26068,729,-492,5,Furniture,Bookcases
B-26069,29,-24,4,Clothing,Leggings
B-26070,17,-13,4,Clothing,Skirt
B-26071,34,-11,5,Clothing,T-shirt
B-26072,98,9,2,Furniture,Furnishings
B-26073,3151,-35,7,Clothing,Trousers
B-26074,53,15,2,Clothing,Stole
B-26075,165,30,3,Clothing,Stole
B-26076,211,19,8,Clothing,Stole
B-26077,106,15,7,Clothing,Hankerchief
B-26078,14,5,1,Clothing,Hankerchief
B-26079,17,7,3,Clothing,Hankerchief
B-26080,46,14,5,Clothing,Skirt
B-26081,8,-2,1,Clothing,Stole
B-26082,20,-9,6,Clothing,Hankerchief
B-26083,322,-193,5,Electronics,Printers
B-26084,2188,1050,5,Furniture,Bookcases
B-26085,328,-15,3,Electronics,Electronic Games
B-26086,418,70,7,Electronics,Phones
B-26087,40,0,3,Clothing,Saree
B-26088,102,-90,1,Clothing,Saree
B-26089,263,-31,9,Electronics,Electronic Games
B-26090,1316,-527,7,Electronics,Electronic Games
B-26091,27,4,3,Clothing,Skirt
B-26092,98,-5,2,Clothing,Saree
B-26093,58,-52,3,Furniture,Chairs
B-26094,119,43,5,Clothing,T-shirt
B-26095,765,-153,2,Electronics,Phones
B-26096,26,0,2,Clothing,Kurti
B-26097,24,-24,2,Clothing,Saree
B-26098,139,14,3,Clothing,Stole
B-26099,220,-19,2,Clothing,Saree
B-26100,299,-28,3,Electronics,Electronic Games
,9,-9,2,Clothing,Kurti
,74,-59,2,Electronics,Accessories
,29,-3,3,Clothing,Saree
,48,-22,2,Clothing,Saree
,1582,-443,6,Clothing,Trousers
,355,-4,2,Clothing,Saree
,375,180,3,Furniture,Bookcases
,299,113,2,Furniture,Bookcases
,287,-280,12,Furniture,Chairs
,110,35,1,Furniture,Furnishings
,148,59,3,Clothing,Hankerchief
,1183,106,4,Electronics,Printers
,248,-70,3,Furniture,Chairs
,85,-9,4,Clothing,Saree
,24,-14,2,Clothing,Saree
,209,-21,2,Electronics,Electronic Games
,224,-143,3,Furniture,Chairs
,38,-6,2,Furniture,Furnishings
,50,-17,2,Clothing,Stole
,47,-20,2,Clothing,Kurti
,61,-25,4,Electronics,Accessories
,69,-67,4,Clothing,Kurti
,59,-46,7,Clothing,T-shirt
,117,17,6,Clothing,Kurti
,1076,-38,4,Electronics,Printers
,1506,-266,6,Electronics,Printers
,109,-6,6,Clothing,Saree
,933,166,5,Clothing,Saree
,724,-447,4,Electronics,Electronic Games
,1361,-980,3,Furniture,Tables
,137,-41,3,Electronics,Phones
,60,-49,8,Clothing,Hankerchief
,30,-25,2,Clothing,T-shirt
,767,-353,5,Clothing,Trousers
,45,-28,2,Clothing,Stole
,25,-1,4,Clothing,Kurti
,584,-444,7,Electronics,Printers
,335,-22,7,Furniture,Chairs
,25,-11,1,Clothing,Stole
,30,-6,2,Clothing,Hankerchief
,33,-10,6,Clothing,Leggings
,21,-17,3,Clothing,Shirt
,26,2,2,Clothing,Hankerchief
,15,4,1,Clothing,Hankerchief
,595,292,3,Clothing,Saree
,45,0,2,Clothing,T-shirt
,192,-146,3,Clothing,Saree
,26,-25,3,Clothing,Saree
,1854,433,5,Furniture,Bookcases
,623,-192,3,Furniture,Tables
,44,-34,3,Clothing,Stole
,17,-11,3,Clothing,Skirt
,556,-209,7,Clothing,Saree
,40,-12,3,Clothing,Shirt
,229,-41,8,Electronics,Accessories
,140,-58,4,Furniture,Furnishings
,12,3,1,Clothing,Stole
,30,0,1,Clothing,Kurti
,313,-13,5,Furniture,Bookcases
,67,-86,9,Furniture,Furnishings
,42,-3,1,Electronics,Electronic Games
,253,-63,2,Clothing,Saree
,565,66,7,Clothing,Saree
,175,77,3,Clothing,Saree
,74,-25,3,Clothing,Stole
,40,-33,5,Clothing,Hankerchief
,63,-24,6,Clothing,Kurti
,60,-12,4,Clothing,Hankerchief
,257,-252,4,Clothing,Saree
,24,-1,4,Clothing,Skirt
,18,1,3,Clothing,Hankerchief
,1402,109,11,Clothing,Saree
,176,37,6,Electronics,Accessories
,276,-21,2,Electronics,Phones
,37,-6,1,Clothing,Saree
,28,1,1,Electronics,Accessories
,239,-162,5,Furniture,Chairs
,78,-64,7,Clothing,Stole
,632,-316,6,Clothing,Saree
,559,-19,2,Clothing,Trousers
,148,0,3,Clothing,Saree
,976,293,4,Electronics,Accessories
,148,-101,2,Furniture,Bookcases
,413,-314,9,Furniture,Chairs
,89,-4,5,Clothing,Saree
,1630,-802,5,Furniture,Tables
,31,1,2,Clothing,Hankerchief
,379,63,2,Clothing,Saree
,448,148,2,Electronics,Printers
,2830,-1981,13,Furniture,Bookcases
,47,-3,2,Clothing,Stole
,38,-13,3,Clothing,Stole
,61,-50,4,Clothing,Hankerchief
,205,-119,3,Clothing,Saree
,47,-27,4,Clothing,Saree
,45,-15,2,Furniture,Chairs
,70,-64,5,Clothing,Stole
,122,-66,9,Electronics,Accessories
,21,-6,3,Clothing,Leggings
,45,12,7,Clothing,Hankerchief
,64,6,4,Clothing,Saree
,49,-31,2,Clothing,Stole
,21,-10,4,Clothing,Leggings
,15,-2,1,Clothing,T-shirt
,27,-7,5,Clothing,Saree
,633,-633,11,Electronics,Accessories
,13,-9,2,Clothing,Skirt
,23,-3,1,Clothing,Shirt
,95,5,2,Clothing,Stole
,106,12,3,Clothing,Trousers
,269,91,1,Electronics,Electronic Games
,536,91,1,Clothing,Trousers
,137,5,5,Clothing,Shirt
,757,371,2,Electronics,Printers
,511,194,3,Furniture,Chairs
,185,48,4,Clothing,Stole
,765,8,6,Clothing,Saree
,156,36,5,Clothing,T-shirt
,321,26,3,Electronics,Printers
,112,15,2,Furniture,Chairs
,632,-114,4,Furniture,Tables
,16,6,1,Clothing,Stole
,63,17,6,Clothing,Leggings
,146,-63,3,Electronics,Electronic Games
,59,21,2,Clothing,Stole
,210,50,4,Clothing,Hankerchief
,154,54,3,Clothing,Hankerchief
,53,24,1,Clothing,Hankerchief
,26,10,4,Clothing,Hankerchief
,1120,199,6,Clothing,Saree
,45,6,3,Clothing,Shirt
,307,74,3,Electronics,Accessories
,92,42,2,Clothing,Stole
,29,8,5,Clothing,Hankerchief
,126,52,4,Clothing,Hankerchief
,259,47,5,Clothing,Hankerchief
,911,202,7,Furniture,Chairs
,118,35,7,Clothing,T-shirt
,462,169,4,Clothing,Saree
,35,14,2,Clothing,Stole
,391,113,8,Clothing,Stole
,743,89,5,Electronics,Printers
,75,28,9,Clothing,Hankerchief
,36,0,4,Clothing,Kurti
,32,11,2,Clothing,Leggings
,94,20,2,Furniture,Furnishings
,28,14,4,Clothing,Hankerchief
,417,49,3,Electronics,Electronic Games
,119,1,1,Furniture,Chairs
,60,21,4,Clothing,Stole
,17,0,1,Clothing,Hankerchief
,125,0,3,Electronics,Accessories
,34,13,2,Clothing,Saree
,2103,322,8,Electronics,Electronic Games
,104,2,2,Furniture,Furnishings
,59,6,1,Electronics,Accessories
,103,50,2,Furniture,Furnishings
,101,38,2,Furniture,Furnishings
,911,355,5,Electronics,Phones
,115,25,6,Clothing,Stole
,140,6,5,Clothing,Saree
,637,261,2,Electronics,Printers
,156,21,3,Furniture,Chairs
,537,107,3,Clothing,Saree
,15,2,1,Clothing,Leggings
,128,-3,3,Clothing,Saree
,222,35,5,Clothing,Saree
,345,38,7,Clothing,Hankerchief
,41,11,6,Clothing,Hankerchief
,54,1,2,Clothing,Saree
,71,0,8,Clothing,Skirt
,93,15,2,Electronics,Accessories
,1063,64,7,Electronics,Phones
,1954,782,3,Electronics,Phones
,693,254,6,Clothing,Saree
,504,116,3,Furniture,Bookcases
,64,27,5,Clothing,Hankerchief
,36,4,9,Clothing,Hankerchief
,45,16,3,Clothing,Stole
,16,5,1,Clothing,Stole
,52,11,5,Clothing,Leggings
,27,2,2,Clothing,Leggings
,155,26,3,Clothing,Stole
,1298,65,9,Electronics,Printers
,263,50,5,Clothing,Stole
,70,26,5,Clothing,Hankerchief
,81,19,7,Clothing,Hankerchief
,955,305,3,Electronics,Printers
,161,40,3,Clothing,Stole
,1250,486,7,Clothing,Saree
,246,61,2,Furniture,Bookcases
,298,74,2,Furniture,Bookcases
,262,64,6,Clothing,Saree
,22,11,2,Clothing,Skirt
,1543,370,8,Electronics,Printers
,50,7,6,Clothing,Skirt
,214,30,3,Electronics,Accessories
,255,74,5,Clothing,Hankerchief
,18,6,3,Clothing,Hankerchief
,45,0,2,Clothing,Stole
,86,8,2,Clothing,Saree
,274,-7,4,Electronics,Phones
,82,33,4,Clothing,Kurti
,757,371,2,Electronics,Printers
,132,54,5,Clothing,Stole
,94,7,7,Clothing,Leggings
,643,225,2,Electronics,Printers
,264,71,10,Furniture,Furnishings
,147,21,3,Furniture,Furnishings
,16,8,2,Clothing,Hankerchief
,648,50,6,Electronics,Electronic Games
,336,123,3,Electronics,Phones
,45,1,3,Clothing,T-shirt
,93,-1,2,Clothing,Hankerchief
,52,18,5,Clothing,Leggings
,148,24,3,Clothing,Stole
,24,1,4,Clothing,Hankerchief
,513,215,2,Electronics,Accessories
,117,36,2,Clothing,Trousers
,916,192,11,Electronics,Phones
,485,199,4,Clothing,Saree
,10,2,2,Clothing,Hankerchief
,300,42,2,Electronics,Printers
,57,27,2,Clothing,T-shirt
,103,46,2,Clothing,Saree
,336,71,3,Furniture,Bookcases
,53,24,6,Clothing,Hankerchief
,90,29,5,Clothing,T-shirt
,62,1,3,Clothing,Saree
,135,54,5,Clothing,Kurti
,237,47,9,Clothing,T-shirt
,320,144,1,Electronics,Printers
,24,1,2,Clothing,Hankerchief
,45,12,4,Clothing,Hankerchief
,97,17,2,Clothing,Stole
,50,16,1,Clothing,Stole
,869,67,4,Furniture,Tables
,105,33,5,Clothing,Kurti
,39,16,6,Clothing,Skirt
,30,14,3,Clothing,Hankerchief
,26,11,2,Clothing,Hankerchief
,19,6,2,Clothing,Saree
,579,139,3,Electronics,Printers
,2093,721,5,Furniture,Chairs
,95,11,4,Furniture,Furnishings
,128,4,3,Clothing,Saree
,199,48,4,Clothing,Stole
,149,48,6,Clothing,Stole
,436,131,9,Clothing,Hankerchief
,76,19,3,Clothing,Hankerchief
,88,16,4,Clothing,Stole
,342,154,7,Furniture,Furnishings
,40,16,3,Clothing,Hankerchief
,53,-2,3,Clothing,Saree
,381,144,2,Clothing,Saree
,829,19,4,Electronics,Printers
,442,31,2,Electronics,Electronic Games
,90,17,3,Clothing,Hankerchief
,98,12,2,Clothing,Hankerchief
,61,30,2,Clothing,Hankerchief
,1027,441,8,Clothing,Saree
,1319,567,5,Electronics,Printers
,197,73,1,Furniture,Bookcases
,550,242,5,Furniture,Furnishings
,74,29,3,Clothing,Stole
,10,2,2,Clothing,Skirt
,689,90,5,Clothing,Saree
,257,3,2,Clothing,Saree
,48,6,1,Clothing,Saree
,324,39,8,Electronics,Accessories
,598,166,4,Furniture,Bookcases
,227,59,2,Furniture,Furnishings
,22,8,3,Clothing,Hankerchief
,29,11,4,Clothing,Skirt
,27,5,2,Clothing,Skirt
,82,13,2,Clothing,Shirt
,294,109,7,Electronics,Accessories
,16,0,1,Clothing,Saree
,245,30,2,Clothing,Saree
,223,27,2,Furniture,Bookcases
,2457,665,11,Electronics,Electronic Games
,724,253,2,Furniture,Bookcases
,112,24,3,Clothing,Kurti
,128,4,3,Clothing,Saree
,50,3,2,Clothing,Stole
,62,6,5,Clothing,Hankerchief
,44,14,3,Clothing,Hankerchief
,56,18,2,Clothing,Hankerchief
,216,-83,3,Electronics,Electronic Games
,2061,701,5,Furniture,Bookcases
,121,41,4,Clothing,Stole
,80,3,3,Clothing,Stole
,189,87,7,Clothing,Stole
,100,6,4,Clothing,Stole
,17,5,1,Clothing,Hankerchief
,22,8,2,Clothing,Leggings
,27,9,2,Clothing,Hankerchief
,85,-1,3,Clothing,Saree
,51,14,2,Clothing,Stole
,31,14,3,Clothing,Stole
,240,12,6,Clothing,Kurti
,163,26,4,Clothing,Shirt
,170,73,2,Electronics,Accessories
,62,-1,1,Electronics,Phones
,1118,206,2,Furniture,Tables
,86,9,3,Clothing,Saree
,10,4,1,Clothing,Kurti
,845,84,7,Clothing,Saree
,57,7,3,Furniture,Furnishings
,473,113,9,Clothing,Hankerchief
,118,25,4,Clothing,Hankerchief
,57,27,2,Clothing,Shirt
,66,12,3,Clothing,Stole
,367,73,3,Electronics,Electronic Games
,7,1,1,Clothing,Hankerchief
,1275,357,2,Electronics,Phones
,42,12,2,Clothing,Kurti
,124,54,5,Clothing,T-shirt
,248,8,2,Clothing,Saree
,282,14,4,Clothing,Trousers
,1137,568,2,Clothing,Trousers
,269,33,5,Furniture,Chairs
,24,8,2,Clothing,Skirt
,165,46,3,Furniture,Furnishings
,46,0,4,Clothing,Leggings
,84,41,3,Clothing,T-shirt
,140,15,5,Clothing,Stole
,741,267,5,Furniture,Bookcases
,719,303,6,Furniture,Chairs
,57,28,2,Clothing,Kurti
,108,37,2,Clothing,Stole
,37,3,3,Clothing,Hankerchief
,26,9,2,Clothing,Leggings
,1351,111,6,Electronics,Electronic Games
,2244,247,4,Clothing,Trousers
,36,7,3,Clothing,Leggings
,2115,23,5,Furniture,Chairs
,121,19,4,Clothing,Stole
,146,42,5,Clothing,Hankerchief
,105,26,8,Clothing,Leggings
,127,29,3,Furniture,Furnishings
,16,-15,4,Clothing,Hankerchief
,10,-2,2,Clothing,Leggings
,24,2,4,Clothing,Hankerchief
,94,27,2,Clothing,Shirt
,394,146,2,Furniture,Bookcases
,734,248,2,Furniture,Chairs
,349,0,7,Clothing,Stole
,89,17,2,Clothing,Stole
,502,84,4,Electronics,Phones
,63,1,4,Clothing,T-shirt
,107,37,3,Clothing,Shirt
,83,6,6,Clothing,Shirt
,2125,234,6,Electronics,Printers
,18,2,3,Clothing,Hankerchief
,223,4,3,Electronics,Phones
,646,213,3,Electronics,Electronic Games
,31,10,1,Clothing,Kurti
,119,43,7,Clothing,Kurti
,114,11,4,Clothing,T-shirt
,465,207,9,Clothing,Saree
,25,2,2,Clothing,Hankerchief
,97,36,7,Clothing,Hankerchief
,121,41,4,Clothing,Stole
,139,30,3,Clothing,Shirt
,355,114,7,Clothing,Stole
,61,11,3,Clothing,Kurti
,149,15,3,Clothing,Saree
,688,103,6,Electronics,Accessories
,372,59,3,Electronics,Printers
,223,62,7,Clothing,Shirt
,83,12,3,Clothing,Stole
,1246,62,3,Furniture,Bookcases
,388,93,2,Furniture,Bookcases
,31,11,3,Clothing,Skirt
,42,7,2,Clothing,Kurti
,190,68,8,Clothing,T-shirt
,103,36,2,Clothing,Hankerchief
,287,66,6,Clothing,Kurti
,23,4,2,Clothing,Skirt
,79,-2,2,Furniture,Furnishings
,43,5,3,Clothing,Stole
,33,10,3,Clothing,Hankerchief
,24,11,5,Clothing,Hankerchief
,734,213,6,Electronics,Electronic Games
,33,13,3,Clothing,Leggings
,499,33,4,Clothing,Saree
,147,73,3,Clothing,Stole
,53,5,3,Clothing,T-shirt
,171,2,2,Electronics,Electronic Games
,915,-99,3,Furniture,Tables
,191,93,4,Clothing,Shirt
,857,274,2,Furniture,Tables
,22,9,2,Clothing,Leggings
,28,6,4,Clothing,Skirt
,43,17,1,Clothing,Saree
,846,9,2,Furniture,Chairs
,15,2,1,Clothing,Leggings
,140,68,5,Clothing,T-shirt
,210,62,2,Electronics,Phones
,158,38,3,Clothing,Hankerchief
,90,27,2,Clothing,T-shirt
,159,2,3,Furniture,Furnishings
,61,28,2,Clothing,Hankerchief
,79,6,7,Clothing,Saree
,268,6,2,Furniture,Bookcases
,802,120,7,Electronics,Accessories
,1700,85,3,Clothing,Trousers
,154,26,4,Electronics,Accessories
,455,77,8,Electronics,Accessories
,19,8,2,Clothing,Hankerchief
,25,11,3,Clothing,Leggings
,37,17,3,Clothing,Hankerchief
,60,-10,2,Furniture,Furnishings
,204,94,4,Clothing,Hankerchief
,74,33,2,Clothing,Shirt
,336,57,2,Electronics,Phones
,871,131,2,Furniture,Bookcases
,83,12,2,Furniture,Chairs
,152,50,6,Clothing,Stole
,78,27,3,Clothing,Stole
,30,11,5,Clothing,Hankerchief
,179,25,5,Clothing,Kurti
,168,56,3,Clothing,Saree
,108,22,3,Electronics,Accessories
,1622,248,3,Electronics,Phones
,323,122,5,Electronics,Phones
,12,2,2,Clothing,Skirt
,125,15,5,Clothing,Shirt
,685,7,7,Clothing,Trousers
,850,289,5,Electronics,Electronic Games
,1622,-624,5,Furniture,Tables
,259,47,5,Clothing,Hankerchief
,33,1,2,Clothing,Shirt
,40,15,1,Clothing,Kurti
,102,11,6,Clothing,T-shirt
,103,21,7,Clothing,Stole
,460,143,3,Furniture,Chairs
,125,22,3,Clothing,Stole
,277,3,1,Electronics,Electronic Games
,80,26,9,Clothing,Skirt
,100,12,2,Clothing,T-shirt
,244,122,5,Furniture,Furnishings
,28,4,1,Clothing,T-shirt
,110,12,7,Clothing,Stole
,636,204,2,Electronics,Printers
,1599,37,6,Electronics,Electronic Games
,977,244,7,Electronics,Phones
,100,7,2,Clothing,T-shirt
,170,19,5,Clothing,T-shirt
,84,-42,2,Electronics,Accessories
,71,-44,5,Electronics,Accessories
,52,18,2,Clothing,Stole
,226,58,3,Electronics,Accessories
,484,28,3,Electronics,Printers
,253,-11,1,Clothing,Trousers
,3873,891,6,Electronics,Phones
,148,54,2,Furniture,Chairs
,27,12,1,Clothing,Stole
,314,-41,3,Electronics,Electronic Games
,1228,14,3,Furniture,Chairs
,57,6,5,Clothing,Leggings
,200,7,4,Electronics,Electronic Games
,25,10,1,Furniture,Furnishings
,122,15,3,Electronics,Accessories
,1308,536,3,Furniture,Bookcases
,216,-135,3,Furniture,Chairs
,154,-85,3,Furniture,Chairs
,40,13,3,Clothing,T-shirt
,351,-94,5,Electronics,Electronic Games
,595,119,4,Furniture,Bookcases
,151,29,5,Clothing,Hankerchief
,58,17,2,Clothing,Hankerchief
,202,89,9,Clothing,T-shirt
,73,-36,3,Furniture,Chairs
,71,-14,4,Furniture,Furnishings
,81,-44,3,Clothing,Stole
,412,-412,6,Clothing,Saree
,207,-100,2,Clothing,Saree
,105,33,6,Clothing,Saree
,162,20,3,Furniture,Chairs
,150,32,3,Clothing,Hankerchief
,1657,460,4,Furniture,Chairs
,61,25,4,Clothing,Saree
,1101,352,3,Furniture,Bookcases
,61,1,2,Furniture,Furnishings
,59,25,3,Clothing,Stole
,61,18,2,Electronics,Accessories
,136,41,3,Electronics,Accessories
,469,33,4,Electronics,Electronic Games
,55,4,2,Clothing,Stole
,13,3,2,Clothing,Hankerchief
,46,0,4,Clothing,Leggings
,177,41,4,Clothing,Shirt
,646,-23,2,Electronics,Printers
,48,20,4,Clothing,Stole
,26,7,4,Clothing,Hankerchief
,149,15,3,Clothing,Saree
,1547,340,6,Electronics,Accessories
,137,38,5,Clothing,Hankerchief
,169,38,3,Clothing,Saree
,245,10,2,Furniture,Bookcases
,60,3,3,Clothing,Saree
,63,14,2,Clothing,Shirt
,765,-36,3,Electronics,Electronic Games
,146,7,2,Electronics,Phones
,290,35,6,Clothing,Hankerchief
,207,33,2,Electronics,Accessories
,152,23,3,Furniture,Furnishings
,24,11,3,Clothing,Hankerchief
,140,57,2,Clothing,Trousers
,151,9,3,Clothing,Hankerchief
,13,4,1,Clothing,Leggings
,54,27,2,Clothing,Stole
,644,167,2,Electronics,Printers
,261,13,6,Clothing,Shirt
,1622,95,5,Electronics,Printers
,190,19,9,Furniture,Furnishings
,158,-29,10,Clothing,Hankerchief
,136,-33,5,Clothing,Saree
,133,5,5,Clothing,Stole
,102,13,2,Clothing,Stole
,50,14,1,Electronics,Electronic Games
,111,11,9,Clothing,Hankerchief
,120,23,5,Clothing,Stole
,40,18,1,Electronics,Accessories
,250,100,3,Clothing,Trousers
,89,29,2,Clothing,Stole
,30,5,2,Clothing,Kurti
,248,105,2,Electronics,Phones
,742,198,2,Furniture,Bookcases
,14,0,4,Clothing,Hankerchief
,87,32,9,Clothing,Skirt
,935,114,4,Electronics,Electronic Games
,173,69,3,Furniture,Chairs
,352,18,5,Clothing,Trousers
,147,48,3,Clothing,Saree
,44,14,3,Clothing,Hankerchief
,22,-8,4,Clothing,Hankerchief
,188,-193,2,Electronics,Electronic Games
,81,41,3,Clothing,Stole
,44,2,3,Clothing,Hankerchief
,116,22,1,Electronics,Accessories
,67,20,4,Clothing,T-shirt
,744,119,6,Electronics,Printers
,1218,352,9,Furniture,Bookcases
,87,36,5,Clothing,Stole
,891,0,5,Clothing,Saree
,146,66,1,Electronics,Phones
,44,10,3,Clothing,Stole
,27,0,2,Clothing,Leggings
,48,11,2,Clothing,Shirt
,189,60,4,Furniture,Furnishings
,524,-25,2,Electronics,Electronic Games
,148,9,1,Electronics,Electronic Games
,1716,309,7,Electronics,Accessories
,45,8,4,Clothing,Skirt
,39,2,2,Clothing,Saree
,110,20,5,Clothing,Stole
,54,14,3,Clothing,T-shirt
,954,95,3,Electronics,Printers
,2927,146,8,Furniture,Bookcases
,294,62,9,Clothing,T-shirt
,200,13,5,Electronics,Phones
,89,-37,4,Clothing,Shirt
,59,10,2,Clothing,Hankerchief
,33,10,3,Clothing,Hankerchief
,474,56,4,Electronics,Phones
,140,28,2,Electronics,Phones
,147,73,3,Clothing,Stole
,16,2,1,Clothing,Saree
,1157,-13,9,Furniture,Bookcases
,105,25,2,Clothing,Hankerchief
,360,32,3,Clothing,Saree
,252,56,2,Electronics,Phones
,681,259,4,Furniture,Chairs
,32,2,2,Clothing,Kurti
,132,49,3,Clothing,Shirt
,637,212,8,Electronics,Phones
,429,17,3,Furniture,Chairs
,82,24,6,Clothing,Hankerchief
,23,8,2,Clothing,Hankerchief
,171,-140,2,Furniture,Bookcases
,34,-12,5,Clothing,Leggings
,366,84,3,Furniture,Bookcases
,26,3,3,Clothing,Skirt
,446,53,3,Electronics,Printers
,48,16,3,Clothing,Shirt
,34,10,3,Clothing,Skirt
,260,68,2,Electronics,Printers
,312,62,1,Electronics,Electronic Games
,544,-152,3,Furniture,Bookcases
,53,8,3,Furniture,Furnishings
,199,0,4,Clothing,Stole
,89,6,5,Clothing,Saree
,1270,546,11,Electronics,Electronic Games
,346,108,3,Furniture,Chairs
,17,7,3,Clothing,Hankerchief
,510,234,6,Electronics,Electronic Games
,17,2,2,Clothing,Skirt
,119,-24,4,Furniture,Furnishings
,229,59,9,Clothing,Saree
,811,154,7,Electronics,Accessories
,720,43,2,Electronics,Printers
,2452,191,7,Furniture,Bookcases
,171,17,6,Clothing,T-shirt
,203,84,2,Electronics,Printers
,742,198,2,Furniture,Bookcases
,111,9,4,Clothing,Stole
,365,107,3,Electronics,Phones
,244,83,2,Furniture,Bookcases
,115,47,2,Electronics,Accessories
,571,108,12,Clothing,Stole
,398,111,8,Clothing,Hankerchief
,79,39,2,Clothing,Shirt
,39,14,5,Clothing,Leggings
,4141,1698,13,Electronics,Printers
,662,240,2,Furniture,Bookcases
,29,2,3,Clothing,Skirt
,193,8,4,Clothing,T-shirt
,27,1,1,Clothing,Stole
,74,29,3,Clothing,Stole
,180,54,4,Clothing,T-shirt
,1063,-175,4,Electronics,Electronic Games
,341,160,7,Clothing,Stole
,560,44,3,Clothing,Saree
,57,27,2,Clothing,Shirt
,284,45,2,Furniture,Bookcases
,12,1,2,Clothing,Hankerchief
,82,27,3,Clothing,Kurti
,22,11,3,Clothing,Kurti
,42,13,3,Clothing,Leggings
,54,12,3,Clothing,Saree
,62,8,2,Clothing,T-shirt
,245,91,2,Furniture,Bookcases
,867,251,5,Electronics,Phones
,48,2,3,Clothing,Stole
,13,3,1,Clothing,Leggings
,230,5,2,Clothing,Saree
,32,-12,1,Furniture,Chairs
,161,-229,8,Furniture,Furnishings
,50,-4,6,Clothing,T-shirt
,561,118,5,Furniture,Bookcases
,304,97,6,Clothing,Stole
,197,20,4,Clothing,Kurti
,108,26,4,Clothing,Shirt
,32,8,5,Clothing,Hankerchief
,44,11,4,Clothing,Stole
,749,307,7,Furniture,Furnishings
,71,4,5,Clothing,Leggings
,487,-23,3,Electronics,Printers
,918,22,9,Electronics,Electronic Games
,299,0,6,Clothing,Stole
,88,11,7,Clothing,Hankerchief
,79,24,9,Clothing,Skirt
,44,14,3,Clothing,Hankerchief
,10,5,1,Clothing,Stole
,42,15,1,Electronics,Accessories
,330,81,1,Furniture,Bookcases
,338,41,7,Clothing,Hankerchief
,71,32,3,Clothing,Saree
,188,13,7,Clothing,Shirt
,90,30,2,Furniture,Chairs
,13,5,2,Clothing,Hankerchief
,141,41,3,Clothing,Shirt
,44,8,2,Clothing,Stole
,610,208,3,Electronics,Printers
,4363,305,5,Furniture,Tables
,414,199,3,Electronics,Phones
,221,26,7,Furniture,Furnishings
,201,32,4,Furniture,Furnishings
,173,86,1,Electronics,Printers
,196,-7,5,Electronics,Phones
,1314,342,3,Furniture,Bookcases
,62,6,6,Clothing,Skirt
,31,2,2,Clothing,Hankerchief
,217,72,2,Furniture,Furnishings
,286,140,6,Clothing,Shirt
,333,50,2,Electronics,Phones
,47,1,2,Clothing,Stole
,18,4,1,Clothing,Saree
,16,6,3,Clothing,Hankerchief
,231,99,2,Electronics,Electronic Games
,2292,127,7,Furniture,Bookcases
,48,15,1,Clothing,Hankerchief
,50,-28,5,Furniture,Furnishings
,26,-17,1,Clothing,Stole
,93,-65,4,Clothing,Stole
,152,-3,5,Clothing,Saree
,51,-49,2,Electronics,Electronic Games
,352,74,8,Clothing,Stole
,129,11,2,Electronics,Phones
,223,62,7,Clothing,Shirt
,770,323,3,Electronics,Accessories
,222,74,5,Clothing,Hankerchief
,215,-30,2,Clothing,Saree
,109,40,1,Furniture,Furnishings
,43,9,4,Clothing,Skirt
,676,151,3,Electronics,Printers
,597,93,4,Furniture,Chairs
,13,0,2,Clothing,Hankerchief
,149,17,4,Furniture,Furnishings
,8,2,2,Clothing,Skirt
,50,9,6,Clothing,Skirt
,80,22,3,Clothing,Stole
,276,52,5,Clothing,Saree
,71,19,3,Clothing,T-shirt
,141,7,7,Clothing,Saree
,113,28,2,Clothing,Saree
,315,-8,3,Furniture,Chairs
,128,47,4,Clothing,Hankerchief
,652,13,6,Furniture,Furnishings
,114,41,6,Furniture,Furnishings
,79,16,3,Clothing,T-shirt
,498,-116,4,Clothing,Saree
,1745,122,2,Furniture,Tables
,17,2,2,Clothing,Skirt
,147,44,3,Clothing,Saree
,162,73,2,Electronics,Electronic Games
,87,10,3,Clothing,Stole
,1301,573,5,Electronics,Accessories
,311,72,2,Furniture,Bookcases
,22,4,1,Clothing,Stole
,206,51,4,Clothing,Hankerchief
,57,24,5,Clothing,Leggings
,10,-1,1,Clothing,Saree
,285,128,2,Electronics,Printers
,195,12,9,Clothing,Shirt
,527,26,3,Electronics,Electronic Games
,29,3,2,Clothing,Stole
,85,13,2,Clothing,Shirt
,18,2,3,Clothing,Hankerchief
,176,-13,5,Furniture,Furnishings
,55,3,3,Clothing,T-shirt
,93,44,2,Clothing,Stole
,21,8,2,Clothing,Saree
,29,10,3,Clothing,Skirt
,406,97,7,Furniture,Chairs
,278,39,5,Furniture,Chairs
,128,55,1,Clothing,Saree
,74,9,3,Clothing,Shirt
,202,4,4,Clothing,Hankerchief
,429,61,3,Electronics,Electronic Games
,134,-13,3,Electronics,Electronic Games
,78,7,1,Furniture,Chairs
,326,107,3,Furniture,Furnishings
,61,8,4,Clothing,Hankerchief
,585,175,13,Clothing,T-shirt
,319,102,6,Electronics,Accessories
,122,59,7,Furniture,Furnishings
,49,21,1,Clothing,Stole
,21,-12,3,Clothing,Hankerchief
,1824,-1303,8,Electronics,Phones
,1117,447,10,Furniture,Bookcases
,29,0,3,Furniture,Furnishings
,66,22,3,Clothing,Stole
,59,21,2,Clothing,Stole
,168,18,6,Clothing,Stole
,155,5,3,Clothing,Stole
,32,1,2,Clothing,Stole
,41,19,5,Clothing,Hankerchief
,255,76,9,Clothing,Hankerchief
,25,2,3,Clothing,Kurti
,54,8,4,Clothing,T-shirt
,77,36,2,Clothing,Shirt
,115,0,1,Electronics,Accessories
,1272,547,2,Electronics,Phones
,21,10,1,Clothing,T-shirt
,92,5,6,Clothing,Hankerchief
,11,5,1,Clothing,Skirt
,221,35,4,Electronics,Accessories
,50,25,5,Clothing,Stole
,89,36,3,Clothing,Shirt
,291,93,2,Electronics,Printers
,67,9,4,Clothing,Leggings
,47,15,5,Clothing,Saree
,774,170,3,Electronics,Accessories
,143,32,1,Furniture,Bookcases
,111,35,5,Clothing,Shirt
,425,183,5,Electronics,Accessories
,291,119,11,Clothing,Saree
,520,151,3,Electronics,Phones
,369,15,3,Electronics,Electronic Games
,341,44,7,Furniture,Furnishings
,171,68,7,Clothing,Stole
,41,19,2,Clothing,T-shirt
,130,61,3,Clothing,Shirt
,52,14,2,Clothing,Stole
,30,6,1,Clothing,T-shirt
,83,34,5,Clothing,Shirt
,38,9,2,Clothing,Stole
,113,24,4,Clothing,Hankerchief
,833,93,3,Clothing,Trousers
,176,-28,5,Furniture,Furnishings
,36,15,3,Clothing,Stole
,185,48,4,Clothing,Stole
,62,28,5,Clothing,Hankerchief
,79,5,6,Clothing,Hankerchief
,30,12,3,Clothing,Skirt
,122,50,7,Clothing,Stole
,28,10,3,Clothing,Skirt
,302,75,6,Furniture,Furnishings
,376,0,7,Clothing,Stole
,179,77,1,Clothing,Saree
,27,5,1,Clothing,Stole
,32,3,8,Clothing,Hankerchief
,55,12,5,Clothing,Skirt
,163,81,2,Electronics,Accessories
,401,13,6,Furniture,Chairs
,1461,202,5,Furniture,Tables
,1104,209,4,Clothing,Trousers
,100,28,2,Clothing,Hankerchief
,325,32,7,Clothing,T-shirt
,169,55,4,Clothing,Saree
,487,143,4,Electronics,Phones
,166,27,2,Electronics,Accessories
,79,32,3,Clothing,Saree
,32,6,3,Clothing,Shirt
,38,9,2,Clothing,Stole
,284,44,6,Clothing,Hankerchief
,382,92,2,Electronics,Printers
,184,85,6,Clothing,T-shirt
,676,195,5,Furniture,Bookcases
,669,74,5,Furniture,Bookcases
,80,22,3,Clothing,Stole
,216,50,4,Clothing,Stole
,85,24,10,Clothing,Hankerchief
,382,119,2,Clothing,Saree
,490,88,2,Electronics,Accessories
,1337,147,7,Electronics,Printers
,600,102,5,Electronics,Electronic Games
,78,28,6,Clothing,Kurti
,101,16,4,Clothing,T-shirt
,145,0,3,Clothing,Saree
,148,23,4,Clothing,Kurti
,15,1,1,Clothing,Shirt
,25,7,2,Clothing,Stole
,774,170,3,Electronics,Accessories
,17,1,2,Clothing,Skirt
,246,61,2,Furniture,Bookcases
,425,208,7,Clothing,Saree
,93,31,3,Electronics,Accessories
,594,89,3,Furniture,Bookcases
,85,2,6,Clothing,Stole
,27,6,3,Clothing,Skirt
,120,1,1,Furniture,Chairs
,162,55,3,Clothing,Stole
,246,98,5,Clothing,Hankerchief
,88,20,2,Clothing,Saree
,88,19,2,Clothing,Shirt
,139,21,3,Electronics,Accessories
,139,36,3,Clothing,Stole
,138,11,5,Clothing,Stole
,156,23,3,Clothing,Stole
,559,174,2,Electronics,Electronic Games
,227,48,5,Clothing,Stole
,5729,64,14,Furniture,Chairs
,94,27,2,Clothing,T-shirt
,213,4,14,Clothing,Shirt
,250,-12,2,Electronics,Printers
,43,11,1,Clothing,Saree
,1218,420,8,Furniture,Bookcases
,671,114,9,Electronics,Phones
,57,7,2,Clothing,Shirt
,70,24,3,Clothing,Stole
,47,20,7,Clothing,Hankerchief
,33,9,2,Clothing,Hankerchief
,424,161,2,Clothing,Saree
,391,90,6,Electronics,Phones
,15,6,2,Clothing,Hankerchief
,101,11,2,Clothing,Hankerchief
,31,9,2,Clothing,Hankerchief
,220,40,2,Electronics,Accessories
,213,-145,3,Furniture,Bookcases
,19,-18,4,Clothing,Kurti
,206,18,4,Clothing,Hankerchief
,736,346,5,Electronics,Printers
,54,8,4,Clothing,T-shirt
,659,-37,2,Furniture,Bookcases
,224,87,3,Clothing,Trousers
,212,97,7,Clothing,Hankerchief
,20,6,1,Clothing,T-shirt
,382,68,3,Clothing,Saree
,508,203,2,Electronics,Accessories
,965,-68,3,Electronics,Printers
,206,12,1,Electronics,Printers
,642,180,5,Clothing,Saree
,109,52,2,Clothing,Stole
,27,8,2,Clothing,T-shirt
,44,-40,3,Clothing,Stole
,50,-17,2,Clothing,Stole
,13,-2,1,Clothing,Stole
,241,-77,4,Electronics,Electronic Games
,75,2,5,Clothing,Leggings
,61,3,4,Clothing,Hankerchief
,122,38,6,Clothing,T-shirt
,22,0,2,Clothing,Saree
,146,19,5,Clothing,Stole
,86,22,2,Clothing,Saree
,618,27,4,Furniture,Bookcases
,53,2,4,Clothing,Hankerchief
,1120,199,6,Clothing,Saree
,1137,-14,7,Electronics,Printers
,67,2,4,Clothing,T-shirt
,193,33,5,Electronics,Accessories
,55,18,2,Clothing,Kurti
,54,12,4,Clothing,Shirt
,582,262,5,Furniture,Furnishings
,75,29,1,Clothing,Trousers
,14,7,2,Clothing,Hankerchief
,21,4,3,Clothing,Hankerchief
,313,44,3,Electronics,Electronic Games
,37,17,3,Clothing,Hankerchief
,290,110,9,Clothing,Stole
,122,11,4,Clothing,Hankerchief
,29,9,3,Clothing,Saree
,1514,742,4,Electronics,Printers
,57,21,4,Clothing,Leggings
,34,12,2,Clothing,Stole
,91,22,2,Clothing,Stole
,133,46,5,Clothing,Shirt
,60,13,2,Clothing,T-shirt
,19,4,2,Clothing,Saree
,450,190,4,Furniture,Bookcases
,62,11,7,Clothing,Hankerchief
,17,8,2,Clothing,Skirt
,44,20,2,Clothing,T-shirt
,557,111,2,Electronics,Electronic Games
,137,63,3,Clothing,Stole
,18,3,2,Clothing,Hankerchief
,109,35,6,Clothing,T-shirt
,359,-338,5,Furniture,Bookcases
,93,-84,3,Clothing,Saree
,169,0,3,Electronics,Accessories
,79,33,4,Clothing,Stole
,24,11,3,Clothing,Hankerchief
,637,50,5,Clothing,Saree
,95,5,2,Clothing,Stole
,43,8,3,Clothing,Leggings
,145,16,3,Clothing,T-shirt
,34,3,3,Clothing,Saree
,143,6,2,Electronics,Accessories
,45,17,1,Electronics,Accessories
,209,-63,4,Electronics,Electronic Games
,86,22,2,Clothing,Saree
,1487,624,3,Clothing,Trousers
,40,17,2,Clothing,Stole
,132,-10,3,Clothing,Saree
,43,17,2,Clothing,T-shirt
,762,101,6,Electronics,Printers
,25,2,2,Clothing,Hankerchief
,119,56,7,Clothing,Saree
,46,13,3,Clothing,Hankerchief
,311,40,1,Electronics,Electronic Games
,40,10,2,Clothing,Stole
,180,0,8,Clothing,Stole
,11,5,2,Clothing,Hankerchief
,59,24,6,Clothing,Kurti
,27,4,1,Clothing,Hankerchief
,139,14,3,Clothing,Kurti
,80,22,3,Clothing,Stole
,158,69,3,Clothing,Stole
,29,10,4,Clothing,Hankerchief
,59,10,4,Clothing,Leggings
,97,14,2,Clothing,T-shirt
,33,-1,1,Clothing,Saree
,2847,712,8,Electronics,Printers
,852,51,5,Furniture,Bookcases
,492,187,2,Electronics,Accessories
,81,41,5,Clothing,Leggings
,49,5,4,Clothing,Hankerchief
,148,25,3,Clothing,Saree
,152,50,6,Clothing,Stole
,6,1,1,Clothing,Kurti
,45,9,3,Clothing,Leggings
,103,46,2,Clothing,Saree
,140,56,4,Clothing,Shirt
,88,11,3,Electronics,Accessories
,451,25,3,Electronics,Phones
,264,-26,3,Clothing,Trousers
,97,12,2,Clothing,Hankerchief
,14,5,1,Clothing,Hankerchief
,19,8,2,Clothing,Hankerchief
,39,18,2,Clothing,Leggings
,185,-26,6,Furniture,Chairs
,663,-212,5,Electronics,Printers
,671,-309,5,Electronics,Electronic Games
,82,8,3,Electronics,Accessories
,497,179,3,Furniture,Chairs
,96,48,5,Clothing,Leggings
,409,86,3,Clothing,Saree
,59,15,2,Clothing,T-shirt
,46,14,5,Clothing,Skirt
,9,3,1,Clothing,Skirt
,207,37,4,Clothing,Hankerchief
,835,267,5,Electronics,Phones
,2366,552,5,Clothing,Trousers
,828,230,2,Furniture,Chairs
,34,10,2,Clothing,T-shirt
,72,16,2,Clothing,Shirt
